{"learner":{"attributes":{"scikit_learn":"{\"_estimator_type\": \"classifier\"}"},"feature_names":[],"feature_types":[],"gradient_booster":{"model":{"cats":{"enc":[],"feature_segments":[],"sorted_idx":[]},"gbtree_model_param":{"num_parallel_tree":"1","num_trees":"10"},"iteration_indptr":[0,1,2,3,4,5,6,7,8,9,10],"tree_info":[0,0,0,0,0,0,0,0,0,0],"trees":[{"base_weights":[-9.298697E-9,-3.3037907E-1,1.0403688E0,-5.437266E-1,7.6541615E-1,-1.0752688E-1,4.3246996E-1,-7.5075865E-1,1.8274492E-1,3.19561E-1,2.6881719E-2,2.1042408E-1,-1.1032003E0,-2.4193549E-1,7.6541615E-1,-1.3332794E0,7.7469334E-2,3.19561E-1,2.6881719E-2,-1.921994E-1,-5.504163E-1],"categories":[],"categories_nodes":[],"categories_segments":[],"categories_sizes":[],"default_left":[0,0,0,0,0,0,0,0,0,0,0,0,0,0,0,0,0,0,0,0,0],"id":0,"left_children":[1,3,5,7,9,-1,-1,11,-1,-1,-1,13,15,-1,17,19,-1,-1,-1,-1,-1],"loss_changes":[9.156595E0,5.1431265E0,4.1199923E0,4.636366E0,6.562762E-1,0E0,0E0,5.412199E0,0E0,0E0,0E0,3.4065535E0,3.8991575E0,0E0,6.562762E-1,2.2526054E0,0E0,0E0,0E0,0E0,0E0],"parents":[2147483647,0,0,1,1,2,2,3,3,4,4,7,7,11,11,12,12,14,14,15,15],"right_children":[2,4,6,8,10,-1,-1,12,-1,-1,-1,14,16,-1,18,20,-1,-1,-1,-1,-1],"split_conditions":[7.672149E-1,8.372626E-1,1.586353E-1,6.198983E-1,9.165396E-1,-1.0752688E-1,4.3246996E-1,2.0961103E-1,1.8274492E-1,3.19561E-1,2.6881719E-2,-1.6804463E-1,8.201963E-1,-2.4193549E-1,5.8298594E-1,4.825076E-1,7.7469334E-2,3.19561E-1,2.6881719E-2,-1.921994E-1,-5.504163E-1],"split_indices":[4,1,31,0,1,0,0,18,0,0,0,0,18,0,6,25,0,0,0,0,0],"split_type":[0,0,0,0,0,0,0,0,0,0,0,0,0,0,0,0,0,0,0,0,0],"sum_hessian":[2.464E1,1.92192E1,5.4208E0,1.65088E1,2.7104E0,1.232E0,4.1888E0,1.42912E1,2.2175999E0,1.4784E0,1.232E0,3.9424E0,1.03488E1,1.232E0,2.7104E0,8.870399E0,1.4784E0,1.4784E0,1.232E0,4.6816E0,4.1888E0],"tree_param":{"num_deleted":"0","num_feature":"32","num_nodes":"21","size_leaf_vector":"1"}},{"base_weights":[1.705124E-2,-2.3242249E-1,8.3912915E-1,-6.2585074E-1,2.6705438E-1,-8.912653E-2,3.5863167E-1,-9.990547E-1,4.5407107E-1,-2.7681443E-1,6.4965177E-1,-1.5698485E-1,-1.3886917E0,-9.332432E-2,2.8980702E-1,9.550054E-1,-1.6243315E-1,1.8137962E-1,-2.5288746E-1,-7.8763135E-2,-4.8798746E-1,-6.794007E-3,3.707318E-1],"categories":[],"categories_nodes":[],"categories_segments":[],"categories_sizes":[],"default_left":[0,0,0,0,0,0,0,0,0,0,0,0,0,0,0,0,0,0,0,0,0,0,0],"id":1,"left_children":[1,3,5,7,9,-1,-1,11,13,-1,15,17,19,-1,-1,21,-1,-1,-1,-1,-1,-1,-1],"loss_changes":[5.3303585E0,4.09597E0,2.8030667E0,5.0816355E0,4.928532E0,0E0,0E0,2.6844807E0,1.7250748E0,0E0,3.3477964E0,2.5606346E0,1.1593018E0,0E0,0E0,1.827745E0,0E0,0E0,0E0,0E0,0E0,0E0,0E0],"parents":[2147483647,0,0,1,1,2,2,3,3,4,4,7,7,8,8,10,10,11,11,12,12,15,15],"right_children":[2,4,6,8,10,-1,-1,12,14,-1,16,18,20,-1,-1,22,-1,-1,-1,-1,-1,-1,-1],"split_conditions":[7.672149E-1,5.685427E-1,1.586353E-1,7.70901E-1,2.1192399E-1,-8.912653E-2,3.5863167E-1,2.3323438E-1,3.9272097E-1,-2.7681443E-1,9.1130024E-1,6.3627213E-1,3.1061053E-1,-9.332432E-2,2.8980702E-1,3.5666016E-1,-1.6243315E-1,1.8137962E-1,-2.5288746E-1,-7.8763135E-2,-4.8798746E-1,-6.794007E-3,3.707318E-1],"split_indices":[4,29,31,24,23,0,0,29,8,0,22,15,7,0,0,26,0,0,0,0,0,0,0],"split_type":[0,0,0,0,0,0,0,0,0,0,0,0,0,0,0,0,0,0,0,0,0,0,0],"sum_hessian":[2.4039764E1,1.899322E1,5.046546E0,1.0482972E1,8.510247E0,1.2444358E0,3.80211E0,7.846298E0,2.6366742E0,1.7272569E0,6.78299E0,2.925883E0,4.9204154E0,1.214249E0,1.4224253E0,5.5566735E0,1.2263167E0,1.4427427E0,1.4831402E0,1.225152E0,3.6952631E0,1.4448701E0,4.1118035E0],"tree_param":{"num_deleted":"0","num_feature":"32","num_nodes":"23","size_leaf_vector":"1"}},{"base_weights":[7.6517914E-3,-1.8957958E-1,8.692392E-1,-3.56921E-1,4.8054355E-1,-1.5477087E-2,3.5249892E-1,2.1849638E-1,-6.264286E-1,-1.4152175E-1,2.8445753E-1,6.573388E-1,-2.0518886E-1,-2.5882792E-1,-3.5621908E-1,-1.0174816E-1,3.2572955E-1,-8.9679945E-1,2.3604006E-1,-3.2739234E-1,-7.447082E-2,-2.0810783E-1,2.1603873E-1],"categories":[],"categories_nodes":[],"categories_segments":[],"categories_sizes":[],"default_left":[0,0,0,0,0,0,0,0,0,0,0,0,0,0,0,0,0,0,0,0,0,0,0],"id":2,"left_children":[1,3,5,7,9,-1,-1,11,13,-1,-1,15,-1,17,-1,-1,-1,19,21,-1,-1,-1,-1],"loss_changes":[4.2100573E0,2.4358163E0,1.3595109E0,2.731495E0,2.4338899E0,0E0,0E0,2.8567522E0,2.0956254E0,0E0,0E0,2.3318617E0,0E0,2.8379157E0,0E0,0E0,0E0,2.1379375E-1,2.9642742E0,0E0,0E0,0E0,0E0],"parents":[2147483647,0,0,1,1,2,2,3,3,4,4,7,7,8,8,11,11,13,13,17,17,18,18],"right_children":[2,4,6,8,10,-1,-1,12,14,-1,-1,16,-1,18,-1,-1,-1,20,22,-1,-1,-1,-1],"split_conditions":[8.201963E-1,7.672149E-1,-3.638361E-1,2.3837417E-1,2.179434E-1,-1.5477087E-2,3.5249892E-1,5.230631E-1,7.5550914E-1,-1.4152175E-1,2.8445753E-1,1.0890017E-1,-2.0518886E-1,5.4527646E-1,-3.5621908E-1,-1.0174816E-1,3.2572955E-1,5.1619655E-1,2.1281953E-1,-3.2739234E-1,-7.447082E-2,-2.0810783E-1,2.1603873E-1],"split_indices":[18,4,0,18,31,0,0,4,20,0,0,18,0,21,0,0,0,29,4,0,0,0,0],"split_type":[0,0,0,0,0,0,0,0,0,0,0,0,0,0,0,0,0,0,0,0,0,0,0],"sum_hessian":[2.2805204E1,1.9191843E1,3.6133602E0,1.5730935E1,3.4609084E0,1.1079344E0,2.505426E0,5.0781054E0,1.0652829E1,1.1369543E0,2.323954E0,3.5994167E0,1.4786888E0,7.3184605E0,3.334369E0,1.1448672E0,2.4545496E0,2.8421857E0,4.476275E0,1.6612978E0,1.1808878E0,1.3844119E0,3.091863E0],"tree_param":{"num_deleted":"0","num_feature":"32","num_nodes":"23","size_leaf_vector":"1"}},{"base_weights":[-1.8732053E-3,-1.6920768E-1,7.317618E-1,-4.5254788E-1,1.7466885E-1,3.0818772E-1,-3.0399615E-2,3.2386136E-1,-7.466705E-1,-3.979778E-1,6.2190753E-1,2.1694946E-1,-8.8618614E-2,-1.0492973E0,7.240416E-2,-2.687204E-1,6.53361E-2,2.9667023E-1,-1.2948895E-1,-3.8682863E-1,-8.523473E-2,1.948977E-1,-1.5646854E-1],"categories":[],"categories_nodes":[],"categories_segments":[],"categories_sizes":[],"default_left":[0,0,0,0,0,0,0,0,0,0,0,0,0,0,0,0,0,0,0,0,0,0,0],"id":3,"left_children":[1,3,5,7,9,-1,-1,11,13,15,17,-1,-1,19,21,-1,-1,-1,-1,-1,-1,-1,-1],"loss_changes":[2.8787994E0,1.938647E0,1.1765187E0,2.694945E0,2.640428E0,0E0,0E0,1.1158851E0,2.0821419E0,1.6377845E0,2.6060774E0,0E0,0E0,7.314296E-1,1.4082544E0,0E0,0E0,0E0,0E0,0E0,0E0,0E0,0E0],"parents":[2147483647,0,0,1,1,2,2,3,3,4,4,7,7,8,8,9,9,10,10,13,13,14,14],"right_children":[2,4,6,8,10,-1,-1,12,14,16,18,-1,-1,20,22,-1,-1,-1,-1,-1,-1,-1,-1],"split_conditions":[8.201963E-1,5.685427E-1,9.633446E-1,4.3943125E-1,3.8057232E-1,3.0818772E-1,-3.0399615E-2,5.652231E-1,7.4921113E-1,4.684485E-1,8.4523135E-1,2.1694946E-1,-8.8618614E-2,4.8059916E-1,6.5137595E-1,-2.687204E-1,6.53361E-2,2.9667023E-1,-1.2948895E-1,-3.8682863E-1,-8.523473E-2,1.948977E-1,-1.5646854E-1],"split_indices":[18,29,18,31,27,0,0,11,9,23,12,0,0,11,1,0,0,0,0,0,0,0,0],"split_type":[0,0,0,0,0,0,0,0,0,0,0,0,0,0,0,0,0,0,0,0,0,0,0],"sum_hessian":[2.1441553E1,1.8085741E1,3.355811E0,9.742391E0,8.34335E0,2.3050246E0,1.0507865E0,2.6488879E0,7.093503E0,3.7070148E0,4.636336E0,1.5084367E0,1.1404513E0,4.974484E0,2.119019E0,1.7985097E0,1.9085051E0,3.484043E0,1.1522927E0,3.2647905E0,1.7096934E0,1.0270755E0,1.0919435E0],"tree_param":{"num_deleted":"0","num_feature":"32","num_nodes":"23","size_leaf_vector":"1"}},{"base_weights":[-2.5566635E-3,-1.6699484E-1,5.7535386E-1,1.5455319E-2,-8.4630686E-1,-8.438416E-2,2.7650908E-1,-2.9769868E-1,4.4645467E-1,-3.148974E-1,-4.775488E-2,-5.658854E-1,2.0753711E-1,-1.9606656E-1,3.101409E-1,1.5508176E-1,-9.7060883E-1,1.2607731E-1,-2.487754E-1,-1.0823555E-1,1.839077E-1,-7.53123E-2,-3.4005216E-1],"categories":[],"categories_nodes":[],"categories_segments":[],"categories_sizes":[],"default_left":[0,0,0,0,0,0,0,0,0,0,0,0,0,0,0,0,0,0,0,0,0,0,0],"id":4,"left_children":[1,3,5,7,9,-1,-1,11,13,-1,-1,15,-1,17,-1,19,21,-1,-1,-1,-1,-1,-1],"loss_changes":[2.0976148E0,2.1413367E0,1.7101884E0,2.0924087E0,3.4340072E-1,0E0,0E0,2.7820587E0,2.6592948E0,0E0,0E0,2.3791277E0,0E0,1.8897197E0,0E0,1.0735697E0,3.0497313E-1,0E0,0E0,0E0,0E0,0E0,0E0],"parents":[2147483647,0,0,1,1,2,2,3,3,4,4,7,7,8,8,11,11,13,13,15,15,16,16],